GSE Parameter Name;DarName
AAVM;
AAVM_ACC1_1;
AAVM_ACC1_2;
AAVM_ACC2_1;
AAVM_ACC2_2;
AAVM_HML_1;
AAVM_HML_2;
AAVM_HML_R07;
AAVM_HML1_1;
AAVM_HML1_2;
AAVM_HML2_1;
AAVM_HML2_2;
AAVM_HML3_1;
AAVM_HML3_2;
AAVM_L302_1;
AAVM_L302_2
AAVM_L303_1
AAVM_L303_2
AAVM_V_R07
AAVM_VERSION
AAVM1_ACC_1
AAVM1_ACC_2
AAVM1_ACC1_1
AAVM1_ACC1_2
AAVM1_ACC2_1
AAVM1_ACC2_2
AAVM3_ACC1_1
AAVM3_ACC1_2
AAVM3_ACC2_1
AAVM3_ACC2_2
AC_IDENT1
AC_IDENT2
AC_IDENT3
AC_IDENT4
AC_IDENT5
AC_IDENT6
AC_IDT1
AC_IDT2
AC_IDT3
AC_IDT4
AC_IDT5
AC_IDT6
AC_IDT7
AC_IDT8
AC_ON_GND_1
AC_TYP1
AC_TYP2
AC_TYP3
AC_TYP4
AC_TYP5
AC_TYP6
AC_TYP7
ACMS_VER
ACMSDBPN1
ACMSDBPN2
ACMSDBPN3
ACMSDBPN4
ACMSSWPN1
ACMSSWPN2
ACMSSWPN3
ACMSSWPN4
ACNUM
ACNUM1
ACNUM2
ACTAIL1
ACTAIL2
ACTUNAVPERF
ACTYPE
ACTYPE_ALL
ACTYPE1
ACTYPE2
ACYC
ADIST_R21
ADR_FAULT
ADRAGLOGIN
AG_ON_GND
AHRS
AHRS_R13
AIE1
AIE2
AILL
AILPOS_L
AILPOS_L_A02
AILPOS_L_A16
AILPOS_L_F
AILPOS_R
AILPOS_R_A02
AILPOS_R_A16
AILPOS_R_F
AILR
AIR_GND
AIR_GROUND
AIR_GROUND_F
AIR_GROUND_I
AIW
ALT_FLT_1A
ALT_FLT_1B
ALT_FLT_2A
ALT_FLT_2B
ALT_SEL
ALT_STD
ALTMODESW_L1
ALTMODESW_L2
ALTMODESW_R1
ALTMODESW_R2
ANALOG01
ANALOG02
ANALOG03
ANALOG04
ANALOG05
ANALOG06
ANALOG07
ANALOG08
ANALOG09
ANALOG10
ANALOG11
ANALOG12
ANALOG13
ANALOG14
ANALOG15
ANALOG16
ANALOG17
ANALOG18
ANALOG19
ANALOG20
ANALOG21
ANALOG22
ANALOG23
ANALOG24
ANALOG25
ANALOG26
ANALOG27
ANALOG28
ANALOG29
ANALOG30
ANALOG31
ANALOG32
ANALOG33
ANALOG34
ANALOG35
ANALOG36
ANALOG37
ANALOG38
ANALOG39
ANALOG41
ANALOG42
ANALOG43
ANALOG44
ANALOG45
ANALOG46
ANALOG47
ANALOG61
ANALOG62
AOA
AOA_A01
AOA_A02
AOA_A16
AOA_F
AOA_FAIL
AOA_SGN_FAIL
AOAL
AOAR
AP_ENG
AP_OFF
AP_WARN
APM_AC_TAIL1
APM_AC_TAIL2
APM_AC_TYP
APM_ACID
APM_AIE1
APM_AIE2
APM_AIW
APM_ALT_STD
APM_BLD_SW1
APM_BLD_SW2
APM_CAS
APM_DAY
APM_DEP
APM_DEST
APM_DRIFT
APM_FBURN1
APM_FBURN2
APM_FF1
APM_FF2
APM_FLTNUM
APM_FQTY
APM_FQTY1
APM_FQTY2
APM_FQTY3
APM_FQTY4
APM_GS
APM_GW
APM_HEAD_TRU
APM_HOUR
APM_ISOV
APM_LATP
APM_LONP
APM_MACH
APM_MN
APM_MONTH
APM_N11
APM_N12
APM_PACK_L
APM_PACK_R
APM_PACKD_L
APM_PACKD_R
APM_SEC
APM_SPACE
APM_TAT
APM_TEST
APM_TITLE
APM_TRK_TRUE
APM_YEAR
APU_34_TITL2
APU_34_TITLE
APU_60SEC
APU_BLD_SW
APU_BLD_VLV
APU_CYC
APU_DECMIN
APU_FAULT
APU_HRS
APU_HRS_A16
APU_HRS_F
APU_MIN_R13
APU_ON
APU_ON_I
APU_READY
APU_RSN1
APU_RSN2
APU_RSN3
APU_RSN4
APU_RSN5
APU_RSN6
APU_SEC_R13
APU_SN
APU_TRG1
APU_TRG2
APUMXEGT
ARM
ASN
ASN1
ASN2
AT_DEGD
AT_DISC_SW
AT_ENG
AT_LIMIT
AT_THR_DISC
AT_WARN
ATS_EGD
ATSLAT_CMD_L
ATSLAT_EN_L
ATSLAT_VAL_L
ATSLATCMDR
ATSLATENBR
ATSLATVALR
ATTHRDISCSW
AUTCHANFAIL1
AUTCHANFAIL2
AUTO_BRK
AUTO_INCTRL1
AUTO_INCTRL2
AUTOIN_CTRL1
AUTOIN_CTRL2
AUX_TANK
AVM_1_R07
AVM_1_T_R07
AVM_2_R07
AVM_2_T_R07
AVM_ALERT_1
AVM_ALERT_2
AVM_ALRT_1
AVM_ALRT_2
AVM_ST_R07
AVM_ST_T_R07
AVM_SYS_FAULT
AVM_SYS_FLT
AVMALRTEN1
AVMALRTEN2
AVMSYSFAULT
BARO_COR1
BARO_COR2
BARO1DTAINV
BARO2DTAINV
BARO3SIGNFA
BAROCORALT1
BAROCORALT2
BAROCORALT3
BAROCORALT4
BAS_CRZ1_R23
BAS_CRZ2_R23
BITE1_LSB
BITE1_MSB
BITE2_LSB
BITE2_MSB
BLANK_1
BLD_AIR_SW
BLD_POS_1
BLD_POS_2
BLD_VLV_OPEN
BLD_VLV1
BLD_VLV2
BLDV_POS_1
BLDV_POS_2
BLEED_C
BLEEDS_1
BLEEDS_2
BLK_TIME
BRKPRESLA
BRKPRESLM
BRKPRESRA
BRKPRESRM
BRKSELMA
C_ACT_PCMCIA
C_ENABLE_EVT
C_ENABLE_RPB
C_FM_ALT_C1
C_FM_GS_C1
C_FM_IVV_C1
C_FM_IVV_C2
C_FM_N2_C1
C_FM_N2_C2
C_FM_TO_TIM
C_FM_TRA_C1
C_FM_TRA_C2
C_INREP_DNLK
C_INREP_PRT
C_OIQH_B
C_OIQH_K1
C_OIQH_K2
C_OIQH_K3
C_OIQH_T1
C_OIQH_T2
C_PCMCIA_HCY
C_R48_1
C_REP_MIN_NB
CALT
CALT_F
CAS
CAS_A01
CAS_A02
CAS_A16
CAS_F
CEGT_A
CFF_A
CH_STATUS_1A
CH_STATUS_1B
CH_STATUS_2A
CH_STATUS_2B
CHACHB
CHAR_R26
CHATV_1A
CHATV_1B
CHATV_2A
CHATV_2B
CHIPDET_1
CHIPDET_2
CIGV_A
CITY_FROM_R
CITY_TO_R
CMD_A
CMD_B
CN1_ACC_SRC
CN1_ACCEL_R
CN1_ACCL_SRC
CN2_ACC_SRC
CN2ACCELSRC
CNT
CNT_16HZ
CNT_1HZ
CNT_2HZ
CNT_32HZ
CNT_4HZ
CNT_8HZ
CNT_ST
CNT2
CPC_MONITOR
CPT_A
CPT_R48
CPU_LOAD
CPU_LOAD_A
CPU_LOAD_B
CPU_LOAD_MAX
CPU_LOADAMAX;
CPU_LOADBMAX;
CRZ_DEL_R01;
CRZ_DEL_R02;
CT_CATB_R16;
CT_DEL_R16;
CT_SEC_R01;
CT_SEC_R02;
CT_STAB_R09;
CT_WAIT_R09;
CT_WAIT_R16;
CT_WIN_R01;
CT_WIN_R02;
CT_WIN_R16;
CTFTQ;FQTY3
CUTOUT_1;
CUTOUT_2
CWL_TAI_CF_1
CWL_TAI_CF_2
D1_123_01
D1_123_10
D1_267_01
D1_267_10
D1_270
D1_361_01
D1_361_10
D10_34
D10_350
D11_222
D11_34
D11_350
D12_107
D12_110
D12_221
D12_256
D12_266
D12_267
D12_270
D13_100
D13_103
D13_140
D13_141
D13_270
D13_271
D13_272
D13_273
D13_274
D13_275
D13_316
D13_317
D14_114
D14_116
D14_126
D14_135
D14_136
D14_167
D14_171
D14_277
D14_310
D14_311
D14_312
D14_315
D14_316
D14_321
D14_322
D14_70
D14_71
D14_72
D14_73
D15_202
D15_35
D15_350
D16_103_01
D16_103_10
D16_104_00
D16_104_10
D16_105_00
D16_105_01
D16_105_10
D16_114_10
D16_130_10
D16_133_10
D16_15_01
D16_15_10
D16_164_01
D16_173_01
D16_200_00
D16_201_00
D16_205_01
D16_205_10
D16_242_01
D16_244_01
D16_253_10
D16_255_01
D16_256_00
D16_261_00
D16_263_01
D16_263_10
D16_264_10
D16_265_01
D16_265_10
D16_270_00
D16_270_01
D16_270_10
D16_270_11
D16_271_00
D16_271_01
D16_271_10
D16_271_11
D16_272_00
D16_272_01
D16_272_10
D16_272_11
D16_273_00
D16_273_01
D16_273_10
D16_273_11
D16_274_01
D16_275_00
D16_275_01
D16_275_10
D16_275_11
D16_276_00
D16_276_01
D16_276_11
D16_277_00
D16_277_10
D16_277_11
D16_304
D16_305
D16_314_01
D16_316_01
D16_316_10
D16_317_01
D16_324_00
D16_324_01
D16_324_11
D16_325_01
D16_344_10
D16_345_01
D16_345_10
D16_346_01
D16_346_10
D16_352_01
D16_370_10;
D16_374_01;
D16_375_10;
D16_67_01;
D16_67_10;
D16_71_01;
D16_71_10;VBVSEL_2
D16_72_10;VSVSEL_2
D16_74_00;
D17_100_00;
D17_100_01;
D17_100_10;
D17_101_00;
D17_102_00;
D17_103_00;
D17_104_00;
D17_104_01
D17_105_00
D17_114_01
D17_130_01
D17_133_01
D17_15_01
D17_15_10
D17_174_01
D17_200_00
D17_201_00
D17_242_10
D17_244_10
D17_251_01
D17_251_10
D17_253_01
D17_255_10
D17_257_00
D17_260_00
D17_263_01
D17_263_10
D17_264_01
D17_265_01
D17_265_10
D17_270_00
D17_270_11
D17_271_00
D17_271_01
D17_271_10
D17_271_11
D17_272_00
D17_272_01
D17_272_10
D17_272_11
D17_273_00
D17_273_01
D17_273_10
D17_273_11
D17_274_01
D17_275_00
D17_275_01
D17_275_10
D17_275_11
D17_276_01
D17_276_11
D17_277_00
D17_277_10
D17_277_11
D17_304
D17_305
D17_312_01
D17_316_01
D17_316_10
D17_317_10
D17_325_01
D17_341_01
D17_341_10
D17_342_01
D17_342_10
D17_344_01
D17_352_10
D17_365_01
D17_365_10
D17_370_01
D17_374_10
D17_375_01
D17_72_01
D17_75_00
D17_76_00
D17_77_00
D18_13
D18_16
D18_270
D18_274
D18_350
D19_107
D19_110
D19_221
D19_270
D2_001
D2_102
D2_103
D2_104
D2_106
D2_125
D2_213
D2_214
D2_233
D2_234
D2_235
D2_236
D2_251
D2_261
D2_263
D2_270
D2_271
D2_272
D2_275
D2_341_01
D2_341_10
D2_342_01
D2_342_10
D2_61
D2_62
D2_63
D2_65
D2_75
D20_136
D20_140
D20_141
D20_142
D20_143
D20_144
D20_145
D20_146
D20_147
D20_170
D20_171
D20_260
D20_261
D20_264
D20_265
D20_266
D20_271
D20_272
D20_277
D21_164
D21_350
D22_164
D22_350
D23_120
D23_121
D23_156
D23_176
D23_200
D23_215
D23_263
D23_270
D23_272
D23_300
D23_301
D23_302
D23_366
D23_76
D23_77
D24_120
D24_156
D24_176
D24_200
D24_215
D24_270
D24_272
D24_300
D24_301
D24_302
D24_366
D25_202
D25_35
D25_350
D26_270
D26_271
D26_310
D26_311
D26_313
D26_315
D26_316
D27_270
D27_40
D27_45
D27_46
D27_63
D28_30
D28_31
D28_32
D28_33
D28_34
D28_65
D3_270
D3_354_01
D3_354_10
D3_355_01
D3_355_10
D3_356_01
D3_356_10
D3_357_01
D3_357_10
D3_360_01
D3_360_10
D3_361_01
D3_361_10
D4_267
D4_270
D4_274
D4_350
D4_357
D5_203
D5_204
D5_205
D5_206
D5_207
D5_211
D5_220
D5_235
D5_237
D5_251
D5_252
D5_270
D5_271
D5_276
D6_173
D6_174
D6_270
D6_271
D6_33
D6_350
D7_150
D7_260
D8_101
D8_102
D8_104
D8_106
D8_110
D8_140
D8_141
D8_270
D8_271
D8_272
D8_273
D8_274
D8_275
D9_173
D9_174
D9_270
D9_271
D9_33
D9_350
DALT_R16
DAMODE_1
DAMODE_2
DAR_TRIGCOD
DAT_DAY
DAT_MONTH
DAT_YEAR
DATE
DAY
DECEL_R21
DERATE
DEST_OR_RAW
DEST_RAW
DESTIN
DESTIN_1
DESTIN_2
DESTIN_3
DESTIN_4
DESTIN_C
DESTIN_M
DEU_350
DEU_351
DEU_352
DEU1_352
DEU2_352
DEUXPOINTS
DFC
DFC0
DFDRFRAME
DFDRFRAMEC12
DFDRFRAMEC34
DFDRISFCNT
DFTA
DFTA_A02
DFTA_A16
DFTA_F
DGS_R16
DGSPD_R16
DH
DH_F
DIS001
DIS002
DIS003
DIS004
DIS005
DIS006
DIS007
DIS008
DIS009
DIS010
DIS011
DIS012
DIS013
DIS014
DIS015
DIS016
DIS017
DIS018
DIS019
DIS020
DIS021
DIS022
DIS023
DIS024
DIS025
DIS026
DIS027
DIS028
DIS029
DIS030
DIS031
DIS032
DIS033
DIS034
DIS035
DIS036
DIS037
DIS038
DIS039
DIS040
DIS041
DIS042
DIS043
DIS044
DIS045
DIS046
DIS047
DIS048
DIS049
DIS050
DIS051
DIS052
DIS053
DIS054
DIS055
DIS056
DIS057
DIS058
DIS059
DIS060
DIS061
DIS062
DIS063
DIS064
DIS065
DIS066
DIS067
DIS068
DIS069
DIS070
DIS071
DIS072
DIS073
DIS074
DIS075
DIS076
DIS077
DIS078
DIS079
DIS080
DIS081
DIS082
DIS083
DIS084
DIS085
DIS086
DIS087
DIS088
DIS089
DIS090
DIS091
DIS092
DIS093
DIS094
DIS095
DIS096
DIS097
DIS098
DIS099
DIS100
DIS101
DIS102
DIS103
DIS104
DIS105
DIS106
DIS107
DIS108
DIS109
DIS110
DIS111
DIS112
DIS113
DIS114
DIS115
DIS116
DIS117
DIS118
DIS119
DIS120
DIS121
DIS122
DIS123
DIS124
DIS125
DIS126
DIS127
DIS136
DIS137
DIS138
DIS139
DIS140
DIS141
DIS142
DIS166
DIST_TO_GO
DIST_TO_GO_F
DIVV_R16
DME_DIST_1
DME_DIST_2
DME_FREQ_1
DME_FREQ_2
DMU_MWBITDMU
DMU_MWBOXDMU
DMU_MWGE1DMU
DMU_MWGE2DMU
DMU_MWGE3DMU
DMU_STEF0DMU
DMU_STEF1DMU
DMU_STIF0DMU
DMU_STIF1DMU
DMUREV
DMUREV_DECA
DMUREV_HUND
DMUREV_UNIT
DMUST
DMUVER
DMUVER_DECA
DMUVER_HUND
DMUVER_UNIT
DMUVERAHM
DMV_1A
DMV_1B
DMV_2A
DMV_2B
DMVDMD_1
DMVDMD_2
DMVSEL_1
DMVSEL_2
DMVSST_1
DMVSST_2
DP_A
DP_A_F
DPALT_R16
DRV_RLS_1A
DRV_RLS_1B
DRV_RLS_2A
DRV_RLS_2B
DSEL
DSPPTCHATCA
DTB_REV
DTB_VER
DUCT_PRES1
DUCT_PRES2
DUR_R18
DW01_1
DW01_2
DW02_1
DW02_2
DW03_1
DW03_2
DW04_1
DW04_2
DW05_1
DW05_2
DW06_1
DW06_2
DW07_1
DW07_2
DW08_1
DW08_2
DW09_1
DW09_2
DWDIR_DL_R17
DWDIR_MX_R17
DWSPD_DL_R17
DWSPD_MX_R17
E1_R8DA_R38
E1_R9DA_R38
E2_R8DA_R38
E2_R9DA_R38
ECS
ECS_1
ECS_2
ECS_CNF_CD_1
ECS_CNF_CD_2
ECS_PACK_1
ECS_PACK_2
ECS_PACK_F_L
ECS_PACK_F_R
ECS_PACK_O_L
ECS_PACK_O_R
ECSPNEREASON
ECU_SN
ECYC_1
ECYC_2
ECYC_3
ECYC_4
EDIF_R09
EDIV_R09
EEC_015_1
EEC_015_2
EEC_150_1A
EEC_150_1A_L
EEC_150_1B
EEC_150_1B_L
EEC_150_2A
EEC_150_2A_L
EEC_150_2B
EEC_150_2B_L
EEC_151_1A
EEC_151_1A_L
EEC_151_1B
EEC_151_1B_L
EEC_151_2A
EEC_151_2A_L
EEC_151_2B
EEC_151_2B_L
EEC_152_1A
EEC_152_1A_L
EEC_152_1B
EEC_152_1B_L
EEC_152_2A
EEC_152_2A_L
EEC_152_2B
EEC_152_2B_L
EEC_153_1A
EEC_153_1A_L
EEC_153_1B
EEC_153_1B_L
EEC_153_2A
EEC_153_2A_L
EEC_153_2B
EEC_153_2B_L
EEC_154_1A
EEC_154_1A_L
EEC_154_1B
EEC_154_1B_L
EEC_154_2A
EEC_154_2A_L
EEC_154_2B
EEC_154_2B_L
EEC_155_1A
EEC_155_1A_L
EEC_155_1B
EEC_155_1B_L
EEC_155_2A
EEC_155_2A_L
EEC_155_2B
EEC_155_2B_L
EEC_270_1
EEC_270_2
EEC_27011_1A
EEC_27011_1B
EEC_27011_2A
EEC_27011_2B
EEC_271_1
EEC_271_2
EEC_272_1
EEC_272_2
EEC_273_1
EEC_273_2
EEC_277_1
EEC_277_2
EEC_350_1A
EEC_350_1A_L
EEC_350_1B
EEC_350_1B_L
EEC_350_2A
EEC_350_2A_L
EEC_350_2B
EEC_350_2B_L
EEC_351_1A
EEC_351_1A_L
EEC_351_1B
EEC_351_1B_L
EEC_351_2A
EEC_351_2A_L
EEC_351_2B
EEC_351_2B_L
EEC_352_1A
EEC_352_1A_L
EEC_352_1B
EEC_352_1B_L
EEC_352_2A
EEC_352_2A_L
EEC_352_2B
EEC_352_2B_L
EEC_353_1A
EEC_353_1A_L
EEC_353_1B
EEC_353_1B_L
EEC_353_2A
EEC_353_2A_L
EEC_353_2B
EEC_353_2B_L
EEC_354_1A
EEC_354_1A_L
EEC_354_1B
EEC_354_1B_L
EEC_354_2A
EEC_354_2A_L
EEC_354_2B
EEC_354_2B_L
EEC_BIT
EEC_CH_CTL_1
EEC_CH_CTL_2
EEC_CHNL
EEC_IN_CTL_1
EEC_IN_CTL_2
EEC_INCTL_1A
EEC_INCTL_1B
EEC_INCTL_2A
EEC_INCTL_2B
EEC_LBL
EEC_NVM_W_1A
EEC_NVM_W_1B
EEC_NVM_W_2A
EEC_NVM_W_2B
EEC_OVT_1A
EEC_OVT_1B
EEC_OVT_2A
EEC_OVT_2B
EEC_POS
EEC_SW_1
EEC_SW_2
EEC1A_150
EEC1A_151
EEC1A_152
EEC1A_153
EEC1A_154
EEC1A_155
EEC1A_270
EEC1A_350
EEC1A_351
EEC1A_352
EEC1A_353
EEC1A_354
EEC1B_150
EEC1B_151
EEC1B_152
EEC1B_153
EEC1B_154
EEC1B_155
EEC1B_270
EEC1B_350
EEC1B_351
EEC1B_352
EEC1B_353
EEC1B_354
EEC2A_150
EEC2A_151
EEC2A_152
EEC2A_153
EEC2A_154
EEC2A_155
EEC2A_270
EEC2A_350
EEC2A_351
EEC2A_352
EEC2A_353
EEC2A_354
EEC2B_150
EEC2B_151
EEC2B_152
EEC2B_153
EEC2B_154
EEC2B_155;
EEC2B_270;
EEC2B_350;
EEC2B_351;
EEC2B_352;
EEC2B_353;
EEC2B_354;
EGT_1;EGTDS_1
EGT_1_A01;
EGT_1_A02;
EGT_1_A04;
EGT_1_A09;
EGT_1_A11;
EGT_1_A16;
EGT_1_A23;
EGT_1_F;
EGT_1_R11;
EGT_1_S04;
EGT_2;EGTDS_2
EGT_2_A01;
EGT_2_A02;
EGT_2_A04;
EGT_2_A09;
EGT_2_A11;
EGT_2_A16;
EGT_2_A23;
EGT_2_F;
EGT_2_R11;
EGT_2_S04;
EGT_A;EGT_APU
EGT_A_F;
EGT_APU;
EGT_DS1_1
EGT_DS1_2
EGT_DS2_1
EGT_DS2_2
EGT_DS3_1
EGT_DS3_2
EGT_DS4_1
EGT_DS4_2
EGT_RED
EGT1_VS1_R23
EGT1_VS2_R23
EGT1_VS3_R23
EGT1_VS4_R23
EGT2_VS1_R23
EGT2_VS2_R23
EGT2_VS3_R23
EGT2_VS4_R23
EGTDS_1
EGTDS_2
EHRS_1
EHRS_2
EHRS_3
EHRS_4
EK_R09
ELEV_CMD
ELEVL
ELEVR
ELPOS_L
ELPOS_L_A02
ELPOS_L_A16
ELPOS_L_F
ELPOS_R
ELPOS_R_A02
ELPOS_R_A16
ELPOS_R_F
ENG_AP_TYP_1
ENG_AP_TYP_2
ENG_CFG_1
ENG_CFG_2
ENG_FAI_L
ENG_FAI_R
ENG_OUT_1
ENG_OUT_2
ENG_POS_1
ENG_POS_2
ENG_R06
ENG_R07
ENG_R08
ENG_R09
ENG_R10
ENG_RUN_LA1
ENG_RUN_LB1
ENG_RUN_RA2
ENG_RUN_RB2
ENG1_CUTOFF
ENG2_CUTOFF
ENGAI_1
ENGAI_2
ENGOUTENG1
ENGOUTENG2
ENGPANMOD_1
ENGPANMOD_2
ENGTYPE
EOL_R25
EOP_R25
EOT_CR_R25
EOT_R25
EPR_1
EPR_1_A01
EPR_1_A02
EPR_1_F
EPR_2
EPR_2_A01
EPR_2_A02
EPR_2_F
EREF_R09
ESN_1
ESN_1_1
ESN_1_2
ESN_2
ESN_2_1
ESN_2_2
ESN_3_1
ESN_3_2
ESN_4_1
ESN_4_2
ESN_H_1
ESN_H_2
ESN_L_1
ESN_L_2
EVENT
EVT_MK
F_PRT_ENDFL
FAN_IMB_AC_L
FAN_IMB_AC_R
FAN_IMB_AN_L
FAN_IMB_AN_R;
FANIMBACSRC;
FANIMBANGL;FAN_IMB_AN_L
FANIMBANGR;FAN_IMB_AN_R
FAR36_1;OIL_QTY1
FAR36_2;
FAULTDETAPU;
FC_MN_OP_SPD;
FCCTESTDSP1;
FCCTESTDSP2;
FD_M;
FDAUDB01PN12;
FDAUDB01PN34;
FDAUDB01PN56;
FDAUDB01PN78;
FDAUDB02PN12;
FDAUDB02PN34
FDAUDB02PN56
FDAUDB02PN78
FDAUDB1NAM1
FDAUDB1NAM2
FDAUDB1NAM3
FDAUDB1NAM4
FDAUDB1NAM5
FDAUDB1PN1
FDAUDB1PN2
FDAUDB1PN3
FDAUDB1PN4
FDAUDB1PN5
FDAUDB1PN6
FDAUDB1PN7
FDAUDB1PN8
FDAUDB2NAM1
FDAUDB2NAM2
FDAUDB2NAM3
FDAUDB2NAM4
FDAUDB2NAM5
FDAUDB2PN1
FDAUDB2PN2
FDAUDB2PN3
FDAUDB2PN4
FDAUDB2PN5
FDAUDB2PN6
FDAUDB2PN7
FDAUDB2PN8
FDAULOD1
FDAULOD2
FDAULOD3
FDAULOD4
FDAULOD5
FDAULOD6
FDAULOD7
FDAULOD8
FDAUPN1
FDAUPN2
FDAUPN3
FDAUPN4
FDAUPN5
FDAUPN6
FDAUPN7
FDAUPN8
FDAUSELDB1
FDAUSELDB2
FDAUSELDB3
FDAUSELDB4
FDAUSELDB5
FDAUSELDB6
FDAUSELDB7
FDAUSELDB8
FDAUSWPN012
FDAUSWPN034
FDAUSWPN056
FDAUSWPN078
FDAUSWPN1
FDAUSWPN2
FDAUSWPN3
FDAUSWPN4
FDAUSWPN5
FDAUSWPN6
FDAUSWPN7
FDAUSWPN8;
FDAUSWPNCODE;
FDEP_FLTNUM;
FDMAX_M;
FDMIN_M;
FF_1;WFMSEL_1
FF_1_A01;
FF_1_A02;
FF_1_A04;
FF_1_A11;
FF_1_A16;
FF_1_F;
FF_1_R11;
FF_2;WFMSEL_2
FF_2_A01;
FF_2_A02;
FF_2_A04;
FF_2_A11;
FF_2_A16;
FF_2_F;
FF_2_R11;
FF_A;FF_APU
FF_A_F;
FF_APU;
FG_BAS_R01;
FG_BAS_R02;
FG_BAS_R16;
FG_STO_R01;
FG_STO_R02;
FG_WIN_R01;
FG_WIN_R02;
FG_WIN_R16;
FIRE_APU
FIRE1
FIRE2
FIX_DERATE_1
FIX_DERATE_2
FLAG
FLAG_R48
FLAG1
FLAG2
FLAG3
FLAG4
FLAG5
FLAG6
FLAG7
FLAG8
FLAP_L
FLAP_L_A02
FLAP_L_A16
FLAP_L_F
FLAP_L_F_R18
FLAP_R
FLAP_R_A02
FLAP_R_A16
FLAP_R_F
FLAP1
FLAP2
FLAPS_EXTEND
FLAPSRETRACT
FLAPUP_L
FLAPUP_R
FLCNT
FLI_MODE_R27
FLICOUNT
FLIGHT_MODE
FLIGHT_MODE1
FLIGHT_MODE2
FLIGHTLEG
FLIMOD
FLIMOD_P
FLINUM
FLPPL
FLPPR
FLT_IDT_0
FLT_IDT_1
FLT_IDT_2
FLT_IDT_3
FLT_IDT_LSB
FLT_IDT_MSB
FLT_NUM1
FLT_NUM2
FLT_NUM3
FLT_NUM4
FLT_NUM5
FLT_NUM6
FLT_NUM7
FLT_NUM8
FLT_TIME
FLT_TIME_D
FLTIDTLSB1
FLTIDTLSB2
FLTNUM
FLTNUM_C
FLTNUM1
FLTNUM2
FLTNUM3
FLTNUM4
FLTPATHANGL
FLTR20
FM_R03
FMC_ALT_SEL
FMC_ARSPD
FMC_GS
FMC_MACH_SEL
FMC_SAT
FMC_SEL_TEMP
FMC_SPD
FMC_VALID
FMCARSPDSEL
FMV_1
FMV_1_A01
FMV_1_A04;
FMV_1A;
FMV_1B;
FMV_2;
FMV_2_A01;
FMV_2_A04;
FMV_2A;
FMV_2B;
FMVDMD_1;
FMVDMD_2;
FMVLPVST_1A;
FMVLPVST_1B;
FMVLPVST_2A;
FMVLPVST_2B;
FMVSEL_1;
FMVSEL_1_A;FMV_1A
FMVSEL_1_B;FMV_1B
FMVSEL_2;
FMVSEL_2_A;FMV_2A
FMVSEL_2_B;FMV_2B
FMVSST_1;
FMVSST_2;
FNCOREEST_1;
FNCOREEST_2;
FOB;
FPAC;
FPAC_A02;
FPAC_A16;
FPAC_F;
FQTY_AUX;
FQTY_MN_L;FQTY1
FQTY_MN_R;FQTY2
FQTY1
FQTY2
FQTY3
FSTART_A
FSTART_A_F
FT_M
FT_R18
FTMAX_M
FTMIN_M
FU_1
FU_2
FU_A
GA
GDIST_R21
GEAR_DOWN_L
GEAR_DOWN_R
GEAR_DW2;
GLA;
GLS_CAPT;
GLS_CAPT_F;
GLS_DEV_1;
GLS_DEV_1_F;
GLS_DEV_2;
GLS_DEV_2_F;
GMT_TIME;
GNDEFCTINOP;
GNDSPDL;GSPD
GNDSPDR;GSPD
GPROXD;
GPS_UTC_SYNC;
GPW_C_R18;
GPW_MSK_R18;
GS
GSPD
GSPD_A01
GSPD_A02
GSPD_A16
GSPD_F
GW
GW_A02
GW_F
GW_F_R03
GW_LIM_R15
GW_TKO
HARD_ALTN_1
HARD_ALTN_2
HEAD
HEAD_MAG
HEAD_SEL
HEAD_SELON
HGSPDBFSPD
HML2_1_R34
HML2_2_R34
HML3_1_R34
HML3_2_R34
HOPSYSA
HOPSYSB
HOQSYSA
HOQSYSB
HOSTPNC01_02
HOSTPNC03_04
HOSTPNC05_06
HOSTPNC07_08
HOSTPNC09_10
HOSTPNC11_12
HOSTPNC13_14
HOSTPNC15_16
HOUR
HPRTEMP_1A
HPRTEMP_1B
HPTC_1A
HPTC_1B
HPTC_2A
HPTC_2B
HPTCDMD_1
HPTCDMD_2
HPTCSEL_1
HPTCSEL_2
HPTCSST_1
HPTCSST_2
HPV_1;HPTCSEL_1
HPV_1_A;HPTC_1A
HPV_1_A01;
HPV_1_A04;
HPV_1_B;HPTC_1B
HPV_2;HPTCSEL_2
HPV_2_A;HPTC_2A
HPV_2_A01;
HPV_2_A04;
HPV_2_B;HPTC_2B
IALT;
IALT_F;
IAOA;
IAS;
ICG;
ICG_M;
ICGMAX_M
ICGMIN_M
ID_R12
IFQMA
IFQMC
IFQML
IFQMR
IGNCMD_L_1
IGNCMD_L_1A
IGNCMD_L_1B
IGNCMD_L_2
IGNCMD_L_2A
IGNCMD_L_2B
IGNCMD_R_1
IGNCMD_R_1A
IGNCMD_R_1B
IGNCMD_R_2
IGNCMD_R_2A
IGNCMD_R_2B
IGNSST_1A
IGNSST_1B
IGNSST_2A
IGNSST_2B
IGNSW_L1
IGNSW_L2
IGNSW_R1
IGNSW_R2
IGV_A
IGV_A_F
IGW
ILS_FREQ_1
ILS_FREQ_2
INIT_LOG
INTFLTWD1_1A
INTFLTWD1_1B
INTFLTWD1_2A
INTFLTWD1_2B
INTFLTWD2_1A
INTFLTWD2_1B
INTFLTWD2_2A
INTFLTWD2_2B
INTFLTWD3_1A
INTFLTWD3_1B
INTFLTWD3_2A
INTFLTWD3_2B
INTFLTWD4_1A
INTFLTWD4_1B
INTFLTWD4_2A
INTFLTWD4_2B
IRADRDTINV
IRU_VRTG
ISOV
ITFTQ
IVV
IVV_A02
IVV_A16
IVV_CMD
IVV_F
IVV_SEL
LAT
LAT_A02
LAT_C
LAT_D
LAT_F
LAT_F_R02
LAT_GPS
LAT_IN
LAT_R
LAT_R03
LAT_TKO
LATF_GPS
LATG
LATG_R12
LATP
LATP_1
LATP_2
LDG_DOWN
LDG_POS_C
LDG_POS_L
LDG_POS_R
LDGL
LDGL_LOKDW
LDGN_LOKDW
LDGNOS
LDGR
LE_SLAT_1_EX
LE_SLAT_1_FE
LE_SLAT_1_IN
LEF1E
LEF1IT
LEF2E
LEF2IT
LEF3E
LEF3IT
LEF4E
LEF4IT
LEFEXTND
LES2E
LES2FLE
LES2IT
LES3E
LES3FLE
LES3IT
LES4E
LES4FLE
LES4IT
LES5E
LES5FLE
LES5IT
LES6E
LES6FLE
LES6IT
LES7E
LES7FLE
LES7IT
LES8E
LES8FLE
LES8IT
LESEXTND
LESFLEXTND
LGMAX_R15
LGMAX_R17
LGMIN_R15
LGMIN_R17
LIM_FF_R08
LIM_FLAP
LIM_R06
LIM_R07
LLRA_FAI_R
LOC_CAPT
LOC_CAPT_F
LOC_DEV_1
LOC_DEV_1_F
LOC_DEV_2
LOC_DEV_2_F
LON
LON_A02
LON_C
LON_D
LON_F
LON_F_R02
LON_GPS
LON_IN
LON_R
LON_R03
LON_TKO
LONF_GPS
LONG
LONG_A16
LONG_F
LONP
LONP_1
LONP_2
LOWS
LOWS_A02
LOWS_A16
LPT_IMB_AC_L
LPT_IMB_AC_R
LPT_IMB_AN_L
LPT_IMB_AN_R
LPTACC_1A;
LPTACC_1B;
LPTACC_2A;
LPTACC_2B;
LPTCDMD_1;
LPTCDMD_2;
LPTCSEL_1;
LPTCSEL_2;
LPTCSST_1;
LPTCSST_2;
LPTIMBACSRC;
LPTIMBANGL;
LPTIMBANGR;
LPV_1;LPTCSEL_1
LPV_1_A;LPTACC_1A
LPV_1_A01;
LPV_1_A04;
LPV_1_B;LPTACC_1B
LPV_2;LPTCSEL_2
LPV_2_A;LPTACC_2A
LPV_2_A01;
LPV_2_A04;
LPV_2_B;LPTACC_2B
LRRA_FAI_L;
LRRA_FAI_R;
LSLEEV_FDEP1;
LSLEEV_FDEP2;
LSLEEV_UNST1;
LSLEEV_UNST2;
LTMAX_R15;
LTMAX_R17;
LTMIN_R15;
LTMIN_R17;
M0_1;
M0_2;
MACH;
MACH_1;M0_1
MACH_1_A01;
MACH_1_A04;
MACH_2;M0_2
MACH_2_A01;
MACH_2_A04;
MACH_A01;
MACH_A02;
MACH_A16;
MACH_F;
MACH_SEL;
MAINT_A;
MAINT1_A
MAINT2_A
MAS_CAU
MASK_FFF
MAX_R06
MAX_R07
MAX_REP
MAXEGT_R08
MAXEGT_R10
MAXN2_R10
MCD_1
MCD_2
MCLRTG_1
MCLRTG_2
MCP_SPD
MDA_SEL_FO
MDEGT1S1_R23
MDEGT1S2_R23
MDEGT1S3_R23
MDEGT1S4_R23
MDEGT2S1_R23
MDEGT2S2_R23
MDEGT2S3_R23
MDEGT2S4_R23
MHDG
MHDG_A16
MHDG_F
MI3_MAXACARS
MI3_MAXPRINT
MIN_SPD
MN
MN_OP_SPD
MNASPDFLRT
MONTH
MONTH_CAR
MONTH_NUM
MTA
MTA_A16
MTA_F
MTORTG_1
MTORTG_2
MTRPWRASM1
MTRPWRASM2
MVARN2_1_R23
MVARN2_1_R24
MVARN2_2_R23
MVARN2_2_R24
MW_PCMCIA
MW_R23
MW_R24
MWA429EXT1_L
MWA429EXT1_M
MWA429EXT2_L
MWA429EXT2_M
MWA429INT1_L
MWA429INT1_M
MWA429INT2_L
MWA429INT2_M
MWA429OUT_L
MWA429OUT_M
MWANAL_LSB
MWANAL_MSB
MWDIS1_LSB
MWDIS1_MSB
MWDIS2_LSB;
MWDIS2_MSB;
MWDMUCPU;
MWDMUGEN;
MWDOT_LSB;
MWDOT_MSB;
MWFREQ_LSB;
MWFREQ_MSB;
MWLOAD_LSB;
MWLOAD_MSB;
MWRCDR_LSB;
MWRCDR_MSB;
MX_ALLOW_SPD;
MXLOCDEV_R21;
N_A;N1_APU
N_A_F;
N_A_VAL1_R13;
N_A_VAL2_R13;
N_A_VAL3_R13;
N1;
N1_1;N1ACTIND_1
N1_1_A;N1IND_1A
N1_1_A01;
N1_1_A02;
N1_1_A04;
N1_1_A09;
N1_1_A11;
N1_1_A16;
N1_1_B;N1IND_1B
N1_1_F;
N1_1_R11;
N1_2;N1ACTIND_2
N1_2_A;N1IND_2A
N1_2_A01;
N1_2_A02;
N1_2_A04;
N1_2_A09;
N1_2_A11;
N1_2_A16;
N1_2_B;N1IND_2B
N1_2_F;
N1_2_R11;
N1_APU;
N1_L_MOD_CMD;
N1_L_MOD1;
N1_L_MOD3;
N1_L_MOD4;
N1_L_MOD5;
N1_LIM_MOD;
N1_RED;
N1_REF_SET1;
N1_REF_SET2;
N1_SET_SEL;
N1_TGT1;
N1_TGT2;
N11;
N12;
N1A_1;N1ACTSEL_1
N1A_1_A01;
N1A_1_A04;
N1A_2;N1ACTSEL_2
N1A_2_A01;
N1A_2_A04;
N1ACTIND_1;
N1ACTIND_2;
N1ACTSEL_1;
N1ACTSEL_2;
N1ACTSST_1;
N1ACTSST_2;
N1ACTTRM_1;
N1ACTTRM_2;
N1CD_1;N1CMDDISP_1
N1CD_1_R04;
N1CD_2;N1CMDDISP_2
N1CD_2_R04;
N1CMDDISP_1;
N1CMDDISP_2;
N1CMDIND_1;N1ACTIND_1
N1CMDIND_2;N1ACTIND_2
N1D_1;
N1D_2
N1IND_1A
N1IND_1B
N1IND_2A
N1IND_2B
N1MAX_1
N1MAX_1_R04
N1MAX_2
N1MAX_2_R04
N1MAX1LIM_2
N1MAXALIM_1
N1MAXALIM_2
N1N2_R26
N1RDLN_1
N1RDLN_2
N1T_1
N1T_1_A01;
N1T_1_A04;
N1T_2;
N1T_2_A01;
N1T_2_A04;
N1TARG_FMC_1;
N1TARG_FMC_2;
N1TARG_FMGC;
N1TARGFMGC_1;
N1TARGFMGC_2;
N2_1;N2ACTSEL_1
N2_1_A;N2ACT_1A
N2_1_A01;
N2_1_A02;
N2_1_A04;
N2_1_A11;
N2_1_A16;
N2_1_B;N2ACT_1B
N2_1_F;
N2_1_R11;
N2_1_VAR_R23;
N2_1_VAR_R24;
N2_2;N2ACTSEL_2
N2_2_A;N2ACT_2A
N2_2_A01;
N2_2_A02;
N2_2_A04;
N2_2_A11;
N2_2_A16;
N2_2_B;N2ACT_2B
N2_2_F;
N2_2_R11;
N2_2_VAR_R23;
N2_2_VAR_R24;
N2_R25;
N2_RED;
N21;
N22;
N2A_1;N21
N2A_1_A01;
N2A_1_A04;
N2A_2;N22
N2A_2_A01;
N2A_2_A04;
N2ACT_1A;
N2ACT_1B;
N2ACT_2A;
N2ACT_2B;
N2ACTSEL_1
N2ACTSEL_2
N2ACTSST_1
N2ACTSST_2
NB_ENG_OFF
NBALR20
NBE1R20
NBE2R20
NBE3R20
NBE4R20
NBE5R20
NBE6R20
NBE7R20
NBE8R20
NBUSR20
NO_BARO2_DTA
NOBARO1DATA;
NOIRADRDTA;
NOPTADMDTA;
NOSTADMDTA;
NVRAM_VALID;
OIL_QTY1;
OIL_QTY2;
OIP_1;PEOFILTR_1
OIP_1_A;PEO_1A
OIP_1_A01;
OIP_1_A02;
OIP_1_A11;
OIP_1_B;PEO_1B
OIP_1_F;
OIP_2;
OIP_2_A;PEO_2A
OIP_2_A01;
OIP_2_A02;
OIP_2_A11;
OIP_2_B;PEO_2B
OIP_2_F;
OIQ_1;OIL_QTY1
OIQ_1_A01;
OIQ_1_A02;
OIQ_1_A16;
OIQ_1_F;
OIQ_1_F_R13;
OIQ_2;OIL_QTY2
OIQ_2_A01;
OIQ_2_A02;
OIQ_2_A16;
OIQ_2_F;
OIQ_2_F_R13;
OIQ_LOW_APU;
OIQ_TESTA;
OIQ_TESTB;
OIQ1;
OIQ2;OIL_QTY2
OIQH_1;
OIQH_2;
OIT_1;TEOSEL_1
OIT_1_A01;
OIT_1_A02;
OIT_1_A11;
OIT_1_F;
OIT_2;TEOSEL_2
OIT_2_A01;
OIT_2_A02;
OIT_2_A11;
OIT_2_F;
OIT_A;OIT_APU
OIT_A_F;
OIT_APU;
OIT_TESTA;
OIT_TESTB;
OP_LIMITS_1;
OP_LIMITS_2;
OP_MODE;
OP_MODE_1;
OP_MODE_2;
ORIGIN;
ORIGIN_1;
ORIGIN_2;
ORIGIN_3;
ORIGIN_4;
ORIGIN_C;
ORIGIN_M;
ORIGIN_RAW;
OVRSPDWRNOUT;
OVSPDWRNOUT;
P_RATE;
P_RATE_F;
P0_1;P0SEL_1
P0_1_A;P0_1A
P0_1_A01;
P0_1_A04;
P0_1_B;P0_1B
P0_1A;
P0_1B;
P0_2;P0SEL_2
P0_2_A;P0_2A
P0_2_A01;
P0_2_A04;
P0_2_B;P0_2B
P0_2A;
P0_2B;
P0_INV_1A;
P0_INV_1B;
P0_INV_2A;
P0_INV_2B;
P0_SEL_1;P0SEL_1
P0_SEL_2;P0SEL_2
P0SEL_1;
P0SEL_2;
P0SST_1;
P0SST_2;
P2_A
P2_A_F
P25_1
P25_2
PALT
PALT_A01
PALT_A02
PALT_A16
PALT_F
PALT_MX_R17
PARAM_R06
PARAM_R07
PCHL
PCHR
PCOT1
PCOT2
PEO_1A;
PEO_1B;
PEO_2A;
PEO_2B;
PEOAMBER_1;
PEOAMBER_2;
PEOFILTR_1;PEOFILTR_2
PEOFILTR_2;
PEOSST_1;
PEOSST_2;
PHF_1;
PHF_1_A01;
PHF_1_A02;
PHF_1_A04;
PHF_1_A11;
PHF_1_F;
PHF_1_LIN
PHF_2
PHF_2_A01
PHF_2_A02
PHF_2_A04
PHF_2_A11
PHF_2_F
PHF_2_LIN
PHT_1
PHT_1_A01
PHT_1_A02
PHT_1_A04
PHT_1_A11
PHT_1_F
PHT_1_LIN
PHT_2
PHT_2_A01
PHT_2_A02
PHT_2_A04
PHT_2_A11
PHT_2_F
PHT_2_LIN
PITCH
PITCH_A16
PITCH_F
PITOTADM_INV
PMC_1_ON
PMC_2_ON
PMC_L_ON
PMC_R_ON
PR_BLEED_C
PRIM_AOA_HT
PRIM_STAT_HT;
PRIM_TAT_HT;
PRIMPITOTHT;
PROBEHT_ADC;
PS13_1;
PS13_2;
PS3_1;PS3SEL_2
PS3_1_A01;
PS3_1_A04;
PS3_1A;
PS3_1B;
PS3_2;PS3SEL_2
PS3_2_A01;
PS3_2_A04;
PS3_2A;
PS3_2B;
PS3SEL_1;
PS3SEL_1_A;PS3_1A
PS3SEL_1_B;PS3_1B
PS3SEL_2;
PS3SEL_2_A;PS3_2A
PS3SEL_2_B;PS3_2B
PS3SST_1;
PS3SST_2;
PSAVED01;
PSAVED02;
PSAVED03;
PSAVED04;
PSAVED05;
PSAVED06;
PSAVED07;
PSAVED08;
PSAVED09
PSAVED10
PSAVED11
PSAVED12
PSAVED13
PSAVED14
PSAVED15
PSAVED16
PSAVED17
PSAVED18
PSAVED19
PSAVED20
PSAVED21
PSAVED22
PSAVED23
PSAVED24
PSAVED25;
PSAVED26;
PSAVED27;
PSAVED28;
PSAVED29;
PSAVED30;
PSSQW_1;
PSSQW_2;
PT;
PT_A;PTAPU
PT_A_F;
PT_A11;
PT_F;
PT_TXI_INH_1;
PT_TXI_INH_2;
PT2_1;PT2SEL_1
PT2_1_A01;
PT2_1_A04;
PT2_2;PT2SEL_2
PT2_2_A01;
PT2_2_A04;
PT2SEL_1;
PT2SEL_2;
PT2SST_1;
PT2SST_2;
PTADMDTINV;
PTAPU;
PVS;
PVS_F;
Q_1;
Q_2;
QAPU;
QER01;
QER02;
QFR16;
R_RATE;
R_RATE_F;
R01_TITLE1;
R01_TITLE2;
R04_TITLE1;
R04_TITLE2;
R05_TITLE1;
R05_TITLE2;
R13_TITLE;
RA_PCMCIA_LO;
RALT;RALT1
RALT_C;
RALT_F;
RALT_R21
RALT_RAW
RALT1
RALT1_R21
RALT2
RALT3
RALT9_R21
RCODE
RCODE_R03
RCOUNT
RCOUNT_R03
RCV_ANT_L
RCV_ANT_R
RDY_TO_LOAD
REASON_R15
REF_R07
REF_R26;
REGULATOR_1;
REGULATOR_2;
REP;
REQDNAVPERF;
RETARD;
REV_THR_L_1;
REV_THR_L_2;
RGULTRGP_1;REGULATOR_1
RGULTRGP_2;REGULATOR_2
RI_FIELD;
ROLL;
ROLL_A01;
ROLL_A02;
ROLL_A16;
ROLL_F;
ROLLT_R21
RPB
RPB_RAW
RPTID
RSLEEV_FDEP1
RSLEEV_FDEP2
RSLEEV_UNST1
RSLEEV_UNST2
RUD_CD_SMYD1
RUDD
RUDDER
RUDDER_A02
RUDDER_A16
RUDDER_F
RUDPOSSMYD1
RUDT
RUDT_A02
RUDT_F
S_CHANNEL
S_EGT_1
S_EGT_2
S_FF_1
S_FF_2
S_FMV_1
S_FMV_2
S_HPV_1
S_HPV_2
S_LPV_1
S_LPV_2
S_N1A_1
S_N1A_2
S_N1T_1
S_N1T_2;
S_N2A_1;
S_N2A_2;
S_P0_1;PSSQW_2
S_P0_2;
S_PS3_1;
S_PS3_2;
S_PT2_1;
S_PT2_2;
S_T25_1;
S_T25_2;
S_T3_1;
S_T3_2;
S_TAT_1;
S_TAT_2;
S_TBV_1;
S_TBV_2;
S_TC_1;
S_TC_2;P0SEL_2
S_VBV_1;
S_VBV_2;
S_VSV_1;
S_VSV_2;
SAT;
SAT_A01;
SAT_A02;
SAT_C;
SAT_C_A16;
SAT_F;
SAVOPEN_L1;
SAVOPEN_L2;
SAVOPEN_R1;
SAVOPEN_R2;
SCV_A;
SCV_A_F;
SEC;
SEC_L_PS_HT;
SEC_R_PS_HT;
SEC_TAT_HT;
SECOND_ENG;
SEL_ASPD_R;
SEL_COURSE_1;
SEL_COURSE_2;
SEL_COURSE1;SEL_COURSE_1
SEL_COURSE2;SEL_COURSE_2
SF0;
SF1;
SF10;
SF11
SF12
SF13
SF14
SF15
SF2
SF3
SF4
SF5
SF6
SF7
SF8
SF9
SHDG
SHDG_F
SHUT_A
SLEX
SLON_HW_1A
SLON_HW_1B
SLON_HW_2A
SLON_HW_2B
SOFT_ALTN_1
SOFT_ALTN_2
SPARESEL_1
SPARESEL_2
SPARESST_1
SPARESST_2
SPD_BRK
SPI
SPOIL_L
SPOIL_L_A16
SPOIL_L_F
SPOIL_R
SPOIL_R_A16
SPOIL_R_F
ST_BAS_R01
ST_BAS_R02
ST_BAS_R16
ST_GEN_R16
ST_WIN_R01
ST_WIN_R02
ST_WIN_R16
STAB
STAB_A02
STAB_A16
STAB_CRZ
STAB_CRZ2
STAB_F
STAB_R09
STAB_R16
STAB_STS_1A
STAB_STS_1B
STAB_STS_2A
STAB_STS_2B
STADMDTINV
STAT_ADM_INV
STBIDLE1_R23
STBIDLE2_R23
STDBY115_BS2
STICK_SHKR_L
STICK_SHKR_R
STICKSHKRSP
STRT_LVR_1A
STRT_LVR_1B
STRT_LVR_SL1
STRT_SW_1
STRT_SW_1A
STRT_SW_1B
STRTLVSW1_L1
STRTLVSW1_L2
STRTLVSW1_R1
STRTLVSW1_R2
STRTLVSW2_L1
STRTLVSW2_L2
STRTLVSW2_R1
STRTLVSW2_R2
STRTSW_1
STRTSW_1A
STRTSW_1B
STRTSW_2
STRTSW_2A
STRTSW_2B
STRTSW_FT_L1
STRTSW_FT_L2
STRTSW_FT_R1
STRTSW_FT_R2
STRTSW_GD_L1
STRTSW_GD_L2
STRTSW_GD_R1
STRTSW_GD_R2
STRTVLVOP_1
STRTVLVOP_2
STS_R26
SV_1
SV_2
SV_L
SV_R
T_ALLFLIGHT
T_APPROACH
T_CLIMB
T_CRUISE
T_DESCENT
T_ENGSTART
T_LANDING
T_PREFLIGHT
T_TAXIIN
T_TAXIOFF
T_TAXIOUT
T12_1A
T12_1B
T12_2A
T12_2B
T12_INV_1A;
T12_INV_1B;
T12_INV_2A;
T12_INV_2B;
T2_A;
T2_A_F;
T25_1;T25SEL_1
T25_1_A;T25_1A
T25_1_A01;
T25_1_A04;
T25_1_B;T25_1_B
T25_1A;
T25_1B;
T25_2;T25SEL_2
T25_2_A;T25_2A
T25_2_A01;
T25_2_A04;
T25_2_B;T25_2_B
T25_2A;
T25_2B;
T25SEL_1;
T25SEL_2;
T25SST_1;
T25SST_2;
T3_1;T3SEL_1
T3_1_A;T3_1A
T3_1_A01;
T3_1_A04;
T3_1_B;T3_1B
T3_1A;
T3_1B;
T3_2;T3SEL_2
T3_2_A;T3_2A
T3_2_A01;
T3_2_A04;
T3_2_B;T3_2B
T3_2A;
T3_2B;
T3SEL_1;
T3SEL_2;
T3SST_1;
T3SST_2;
T495IN1_1A;T495S1_1
T495IN1_1B;T495S3_1
T495IN1_2A;T495S1_2
T495IN1_2B;T495S3_2
T495IN2_1A;T495S2_1
T495IN2_1B;T495S4_1
T495IN2_2A;T495S2_2
T495IN2_2B;T495S4_2
T495S1_1;
T495S1_2;
T495S2_1;
T495S2_2;
T495S3_1;
T495S3_2;
T495S4_1;
T495S4_2;
T495SEL_1;
T495SEL_2;
T495SST_1;
T495SST_2;
T5_1;
T5_2;
TAS;
TAS_A01;
TAS_A02;
TAS_F;
TAT;
TAT_1;TATSEL_1
TAT_1_A01;
TAT_1_A04;
TAT_2;TATSEL_2
TAT_2_A01;
TAT_2_A04;
TAT_A01;
TAT_A02;
TAT_A11;
TAT_A16;
TAT_F;
TAT_FAIL;
TAT_HT;
TAT_INHBT_1;
TAT_INHBT_2;
TAT_R13;
TAT_SEL_1;TATSEL_1
TAT_SEL_2;TATSEL_2
TATPROBEFAI;
TATSEL_1;
TATSEL_2;
TATSST_1;
TATSST_2;
TATSSTT_1A;
TBV_1;TBVSEL_1
TBV_1_A;TBV_1A
TBV_1_A01;
TBV_1_A04;
TBV_1_B;TBV_1B
TBV_1A;
TBV_1B;
TBV_2;TBVSEL_2
TBV_2_A;TBV_2A
TBV_2_A01;
TBV_2_A04;
TBV_2_B;TBV_2_B
TBV_2A;
TBV_2B;
TBVDMD_1;
TBVDMD_2;
TBVSEL_1;
TBVSEL_2;
TBVSST_1;
TBVSST_2;
TC_1;SPARESEL_1
TC_1_A01;
TC_1_A04;
TC_2;SPARESEL_2
TC_2_A01;
TC_2_A04;
TCAS_ALT;
TECU_1A;
TECU_1B;
TECU_2A;
TECU_2B;
TEOSEL_1;
TEOSEL_2;
TEOSST_1;
TEOSST_2;
TEST;
TFU;
TFUEL;
TFUEL_A02;
TFUEL_F;
THDG;HEAD
THDG_A01;
THDG_A02;
THDG_A16;
THDG_F;
THDG_LIN;
THR_RAT_CD_1;
THR_RAT_CD_2;
THR_TRQ_1;
THR_TRQ_2;
THRSRVTAC1;
THRSRVTAC2;
TI_ACK_ACARS;
TIME_R26;
TIME1_R24;
TIME2_R24;
TIMER_R25;
TIRET;
TLA_1;TRAFILTR_1
TLA_1_A;TRAFILTR_1
TLA_1_A01;
TLA_1_A02;
TLA_1_A04;
TLA_1_A11;
TLA_1_B;TRAFILTR_1
TLA_1_F;
TLA_1_F_R06;
TLA_1_F_R07;
TLA_1_F_R08;
TLA_1_R09_F;
TLA_2;TRAFILTR_2
TLA_2_A;TRAFILTR_2
TLA_2_A01;
TLA_2_A02;
TLA_2_A04;
TLA_2_A11;
TLA_2_B;TRAFILTR_2
TLA_2_F;
TLA_2_F_R06;
TLA_2_F_R07;
TLA_2_F_R08;
TLA_2_R09_F;
TM1_R10;
TM2_R10
TM3_R10
TMP_DRT_AS
TMPST
TN1_ACC_SRC
TN1ACCELSRC
TN2_ACC_SRC
TN2ACCELSRC
TNOS
TO_BUMP
TO_FLT
TODR1
TODR2
TODR3
TODR4
TODR5
TODR6
TODR7
TOGA
TOGA_SW
TOL_R06
TOL_R07
TR_DEPLOY_1
TR_DEPLOY_2
TR_FDEPLOY_1
TR_FDEPLOY_2
TR_INTR_1
TR_INTR_2
TR_INTR_L
TR_STATUS_1
TR_STATUS_2
TRA_1A
TRA_1B
TRA_2A
TRA_2B
TRAFILTR_1
TRAFILTR_2
TRAFLTS_1A
TRAFLTS_1B
TRAFLTS_2A
TRAFLTS_2B
TRAPOS_1
TRAPOS_2
TRASEL_1
TRASEL_2
TRASST_1
TRASST_2
TRDEPLOY1
TRDEPLOY2
TRFULDPLY1
TRFULDPLY2
TRIG_R48
TRIGGER_DAR
TRIGGER_QAR
TRL_1A
TRL_1B
TRL_2A
TRL_2B
TRLEVINTSOL1
TRLEVINTSOL2
TRLSST_1
TRLSST_2
TRPOSEL_1
TRPOSEL_2
TRR_1A
TRR_1B
TRR_2A
TRR_2B
TRRSST_1
TRRSST_2
TRS
TSPD
TSPD_F
TTP_R06
TTP_R07
TTRK
TTRK_A16
TTRK_F
UTC
UTC_1_R03
UTC_2_R03
UTC_A
UTC_B
UTC_DELTA
UTC_ENG_ST
UTC_HOUR
UTC_HOURS
UTC_MIN_SEC
UTC_MINUTES
UTC_R03
UTC_R04
UTC_R12
UTC_SECONDS
UTC_TKO
V1
V1SPEED
V2;
V2SPD;
VAR_R26;
VBV_1;VBVSEL_1
VBV_1_A;VBV_1A
VBV_1_A01;
VBV_1_A04;
VBV_1_B;VBV_1B
VBV_1A;
VBV_1B;
VBV_2;VBVSEL_2
VBV_2_A;VBV_2A
VBV_2_A01;
VBV_2_A04;
VBV_2_B;VBV_2B
VBV_2A;
VBV_2B
VBVDMD_1
VBVDMD_2
VBVSEL_1
VBVSEL_2
VBVSST_1
VBVSST_2
VC_1
VC_1_A01
VC_1_A02
VC_1_A04
VC_1_A11
VC_1_F
VC_2
VC_2_A01
VC_2_A02
VC_2_A04
VC_2_A11
VC_2_F
VDC28_B1S2
VDC28_B2_S3
VDC28_HOT_BB
VDC28BATBS2
VDC28STBYBS2
VDC28SWHTBB
VERSION_R34
VF_1
VF_1_A01
VF_1_A02
VF_1_A04
VF_1_A11
VF_1_F
VF_2
VF_2_A01
VF_2_A02
VF_2_A04
VF_2_A11
VF_2_F
VH_1
VH_1_A01
VH_1_A02
VH_1_A04
VH_1_A11
VH_1_F
VH_2
VH_2_A01
VH_2_A02
VH_2_A04
VH_2_A11
VH_2_F
VIB_N11
VIB_N12
VIB_N1CNTR1
VIB_N1CNTR2
VIB_N1FNT1
VIB_N1FNT2
VIB_N21
VIB_N22
VIB_N2CNTR1
VIB_N2CNTR2
VIB_N2FNT1
VIB_N2FNT2
VIB_TN11
VIB_TN12
VIB_TN21
VIB_TN22
VL_1
VL_1_A01
VL_1_A02
VL_1_A04
VL_1_A11
VL_1_F
VL_2
VL_2_A01
VL_2_A02
VL_2_A04
VL_2_A11
VL_2_F
VMO
VMOMMOALTR1
VMOMMOALTR2
VMOMMOALTR3
VMOMMOALTR4
VOB1
VOB2
VOR_FREQ_1
VOR_FREQ_2
VR
VREF
VRMAX_R15
VRMAX_R17
VRMIN_R15
VRMIN_R17
VRSPD
VRTG
VRTG_A01
VRTG_A02;
VRTG_A16;
VRTG_F;
VRTG_LIM_R15;
VRTG_R12;
VRTG_R15;
VRTGLND;
VRTGMAX;
VRTGMIN;
VRTGTD;
VS_C;
VSV_1;VSVSEL_1
VSV_1_A;VSV_1A
VSV_1_A01;
VSV_1_A04;
VSV_1_B;VSV_1B
VSV_1A;
VSV_1B;
VSV_2;
VSV_2_A;VSV_2A
VSV_2_A01;
VSV_2_A04;
VSV_2_B;VSV_2B
VSV_2A;
VSV_2B;
VSVDMD_1;
VSVDMD_2;
VSVSEL_1;
VSVSEL_2;
VSVSST_1;
VSVSST_2;
WDIR;
WDIR_A16
WDIR_F
WDIR_LIN
WDSHEAR
WDSHEAR_CAUT
WFMSEL_1
WFMSEL_2
WFMSST_1
WFMSST_2
WIN_DIR_IR
WIN_DIR_IRU
WIN_SPD_IRU
WIN_SPDR
WINGAI
WNG_TAI_CF_1
WNG_TAI_CF_2
WOW_L
WOW_N
WOW_R
WSHEAR
WSHR_DL_R17
WSPD
WSPD_A16
WSPD_F
WSPD_MN_R17
WTRIS_L
WTRIS_R
XDBGR20
XFR115_B2
XMIT_ANT_L
XMIT_ANT_R
Y_RATE
YAWDPRENGL
YAWDPRENGR
YEAR
ZFW_C
ZFW_M
ZFWMAX_M
ZFWMIN_M
